BEGIN;
-----------------------------------------
-- !En caso de no tener los ETL, usar este script para cargar los datos
-----------------------------------------

INSERT INTO "dimensional"."dim_branch" ("branch_id", "branch_name", "branch_city") VALUES
('066724c7-1f4a-4992-8b55-6c4946bba009', '1233 Cypress Lane ', 'Nueva York'),
('13386c41-0c80-48f3-8c06-f79788b1d224', '222 Spruce Drive ', 'Nueva York'),
('1a27cdd2-a522-4286-a933-d86b4be9a362', '456 Elm Avenue ', 'Los Ángeles'),
('36a6270f-9654-4e5f-aae5-b74702b7d75f', '1010 Pine Road ', 'Los Ángeles'),
('3ee0aca9-8d74-4cf4-b7f2-4bc8230c4b57', '444 Birch Avenue ', 'Chicago'),
('4eba5f09-6a5f-471a-b117-36af2c70079d', '123 Main Street ', 'Chicago'),
('58466b8f-c950-437d-b7d6-4a31d2036318', '999 Willow Road ', 'Washington D.C.'),
('643b9dfd-263c-4109-8c35-256efced4509', '789 Oak Lane ', 'Washington D.C.'),
('6b773fb5-4031-4458-b6a9-ece09500fecd', '333 Cedar Lane ', 'Las Vegas'),
('96772540-3787-4e83-b5a8-1e3f0ec79d05', '555 Maple Street ', 'Las Vegas'),
('970690aa-c820-4ef4-ad82-ac5830ea3fda', '777 Palm Road ', 'San Francisco'),
('98b1c76e-c6c4-4967-b855-385f332c1e57', '666 Oak Avenue ', 'San Francisco'),
('ba03f2fd-31ed-43d7-8644-389bd8a7125a', '2344 Pine Street ', 'Boston'),
('eb2985fd-3e90-4a84-ba9d-87d2789ac82d', '3455 Cedar Avenue ', 'Boston');

INSERT INTO "dimensional"."dim_category" ("category_id", "category_name") VALUES
('014547b0-f73e-4731-842d-fb4fd594b78e', 'Herramientas'),
('0812dd8b-bee8-4890-81a6-9f0761e576e8', 'Bebidas'),
('46708a39-77c4-4b0c-b874-f6aa6d0c870b', 'Hogar'),
('6eb372fb-e3b7-47cf-88be-e07447d45d09', 'Alimentos'),
('73e5e36c-ae80-45b1-894b-6aec0463547d', 'Automoción'),
('91569275-6db1-4260-81eb-d6770981ed48', 'Mascotas'),
('93384ad5-7477-4db4-85d5-34e89d0eda66', 'Ropa'),
('98951cea-6f40-432e-9bd9-1bdabe2c19a4', 'Juguetes'),
('a8576983-e0e5-4fbc-92f5-0c31df2ad5b2', 'Electrónica'),
('b5f0a626-d735-4be8-b750-46199738594f', 'Electrodomésticos'),
('c2baf816-eab8-4d86-a3e0-07ce9e12b89b', 'Electrónicos'),
('d1d21b16-216b-4060-8899-b1bad37543a0', 'Limpieza'),
('e97d0c52-0d74-4909-968f-1e59252ed972', 'Cuidado Personal');

INSERT INTO "dimensional"."dim_client" ("client_id", "client_ci", "client_name", "client_address", "client_gender") VALUES
('040e0e89-c38d-4cc8-87f6-d7f1a466ef67', 'V-26543781', 'Javier Torres', 'Calle Principal 777', 'M'),
('30d60bd6-7152-4fe6-88ba-c9a4ca5056b8', 'V-24123321', 'Pedro Ruiz', 'Calle de la Paz 999', 'M'),
('6ba454b3-19a7-43fb-8289-ddb9272072e8', 'V-23456421', 'Sara Vargas', 'Avenida Principal 1233', 'F'),
('71d2c191-d1ae-4b41-b661-722b5441c447', 'V-29000111', 'Ana Gómez', 'Avenida del Sol 555', 'F'),
('7b6da078-6a46-4ca5-be8e-f571e755ddd7', 'V-21980670', 'Andrés Molina', 'Calle Secundaria 2344', 'M'),
('7f5eee41-f134-474c-a9f7-6fe565313003', 'V-7123456', 'Laura Pérez', 'Avenida Principal 101', 'F'),
('87136d57-e8b9-4226-a4e2-523b80220e25', 'V-27654781', 'Alejandro Molina', 'Calle Principal 123', 'M'),
('91043236-48a4-42ab-b477-380965eb24a8', 'V-33123232', 'Luis Ramírez', 'Calle de la Esperanza 444', 'M'),
('92e7974b-08fd-46ae-b486-d9d6e7d05b98', 'V-31234543', 'Juan González', 'Calle Principal 123', 'M'),
('97341fc5-832f-4ad5-a709-db66988bc928', 'V-254345174', 'Carmen Fernández', 'Avenida Secundaria 888', 'F'),
('a6692de2-4cdd-4148-895d-7744a35e5b0c', 'V-14657865', 'María López', 'Avenida Secundaria 456', 'F'),
('abfc50cf-26ba-4ccc-b769-0bea1aac7ec7', 'V-32090786', 'Isabel Sánchez', 'Avenida de la Libertad 333', 'F'),
('cad85b7f-6e8f-44e9-be5c-181253aee8c1', 'V-10123432', 'Carlos Martínez', 'Calle de la Paz 789', 'M'),
('f6d95af0-f12a-45ce-a386-c0d78a7f8863', 'V-29087654', 'Manuel Hernández', 'Calle Secundaria 222', 'M');

INSERT INTO "dimensional"."dim_product" ("product_id", "product_name", "price") VALUES
('5096a7f7-3c17-4762-9b4a-3420d56b2312', 'Zapatillas Deportivas', 49.99),
('5b018062-e4b1-4d5b-b074-d6b2ff046de8', 'Refrigerador de Doble Puerta', 899.99),
('6026076b-dd4f-4aa4-a2e8-1a8ddd62fd2b', 'Mesa de Centro de Vidrio', 119.99),
('60eccff5-642f-4e7c-91fe-31464357163e', 'Pasta de Trigo Integral', 3.99),
('77470869-b65b-4372-9512-3d2cfa749a8a', 'Juego de Comedor de Madera', 499.99),
('95382210-a804-481f-9438-b81c1d5f6cd3', 'Camiseta de Algodón', 19.99),
('997e0ddf-afb0-452d-8b77-4718e4c500fc', 'Cereal Integral', 4.99),
('a86c905b-01b0-44c2-932d-7f0bd7ba1391', 'Aceite de Oliva Extra Virgen', 9.99),
('ac7dfa84-bfad-4a11-aa7d-61e28663d1ae', 'Juego de Sartenes Antiadherentes', 39.99),
('b3b920a4-a222-4f2b-8183-f04e5d580492', 'Secadora de Ropa', 599.99),
('ba214aae-1118-45c1-ac0b-20e92f2aca8f', 'Televisor LED 50 pulgadas', 499.99),
('bcd5e30d-8357-4ca0-8328-37aa2d58a7de', 'Chaqueta de Invierno', 79.99),
('eb5026ef-76a0-45b0-8559-133d4b3fa2e6', 'Sofá de Cuero', 799.99),
('fa36db30-18a5-4b73-b4e3-41819f32e1d5', 'Lavadora de Carga Frontal', 699.99),
('ffbf4319-450e-4e75-8d03-aa1398d57c17', 'Traje de Baño para Mujer', 29.99);

INSERT INTO "dimensional"."dim_time" ("time_id", "year", "month", "day", "day_name", "month_name") VALUES
('03bec840-401e-4162-8c95-70dcb4c8c227', 2020, 3, 13, 'Viernes', 'Marzo'),
('1992273c-d10c-4ae7-a2a8-e399f6e9ad68', 2022, 3, 15, 'Martes', 'Marzo'),
('25628918-dfb3-42c3-8ccb-dec28fcb296f', 2020, 4, 14, 'Martes', 'Abril'),
('2d4d61d3-5451-43b9-b645-1bac15fcb0bb', 2021, 2, 6, 'Sábado', 'Febrero'),
('35757af9-e419-4ea5-9327-0a31f74b9f3c', 2020, 11, 20, 'Viernes', 'Noviembre'),
('3ce963e5-697d-4cfc-a02b-dc743bf283c9', 2020, 11, 21, 'Sábado', 'Noviembre'),
('4875a5b3-c433-4dc7-a590-126b2e3b279a', 2020, 12, 19, 'Sábado', 'Diciembre'),
('4e580176-3c45-4a43-aa23-9f62429192a6', 2020, 8, 18, 'Martes', 'Agosto'),
('588dafb4-ff91-407a-a19c-a2d807fb7411', 2023, 6, 16, 'Viernes', 'Junio'),
('6330cf0b-1694-4222-a5c0-616061b83d53', 2020, 1, 10, 'Viernes', 'Enero'),
('648de9a7-94cf-48e4-bc1f-9d74a0b12827', 2022, 4, 12, 'Martes', 'Abril'),
('6771e5a9-a884-49ca-a05e-71c8915d5e47', 2020, 5, 15, 'Viernes', 'Mayo'),
('92bbe3a2-1d7a-4b3c-a1a7-e88d034512e1', 2023, 9, 19, 'Martes', 'Septiembre'),
('995945fd-b925-4d34-b7e6-60cdee3ba8ed', 2020, 9, 19, 'Sábado', 'Septiembre'),
('a70dc5de-1ea1-4e30-9290-1c98f0e4a264', 2020, 7, 17, 'Viernes', 'Julio'),
('a848885f-1807-43e8-b25c-b6c3235e7976', 2020, 2, 11, 'Martes', 'Febrero'),
('ab7a987f-c806-4f1b-ac71-f81c001c4b00', 2023, 7, 17, 'Lunes', 'Julio'),
('b350c0c7-c5bd-472f-83a7-87d4894bd950', 2022, 4, 13, 'Miércoles', 'Abril'),
('b4358c77-92e1-484a-9e65-8b87f68b5b93', 2023, 8, 18, 'Viernes', 'Agosto'),
('b732050d-ee5c-4bbf-abaf-972461bf2f36', 2021, 2, 7, 'Domingo', 'Febrero'),
('b78bcdaa-5c11-4b81-b0fc-8ed895ab2a21', 2021, 1, 3, 'Domingo', 'Enero'),
('bad3e8ae-b22f-4b6f-82a4-f809eb8e60bb', 2021, 1, 5, 'Martes', 'Enero'),
('bd7edea3-5304-477b-b54e-723da3be04fe', 2021, 1, 4, 'Lunes', 'Enero'),
('bedc3ac0-6612-4447-87ac-356b0ea608d2', 2020, 6, 16, 'Martes', 'Junio'),
('bffc3f41-9037-4dbc-af89-7fe7fb370515', 2021, 2, 8, 'Lunes', 'Febrero'),
('c6ac0c62-f03e-4ceb-a5a6-facff918cab9', 2023, 4, 14, 'Viernes', 'Abril'),
('d719b75e-c54a-4f04-9865-13c255d50804', 2023, 5, 15, 'Lunes', 'Mayo'),
('e37bde69-0d19-4cac-a16e-f90b2258365e', 2023, 4, 20, 'Jueves', 'Abril'),
('e800e265-bd6d-4b0f-90eb-6f59dbaa3b2c', 2023, 10, 30, 'Lunes', 'Octubre'),
('ebdc13da-e5dd-4fa9-89b5-8e8c08f0e99c', 2022, 3, 11, 'Viernes', 'Marzo'),
('ee1d8c15-9359-49ad-9336-bc4792238693', 2020, 12, 31, 'Jueves', 'Diciembre'),
('f7656b1a-1e07-4a99-922f-910cb52fd2f6', 2021, 2, 9, 'Martes', 'Febrero'),
('fd66fef6-6467-4c8d-9e0d-6f3d98c0ceb2', 2022, 3, 10, 'Jueves', 'Marzo'),
('ff6e12df-7436-48df-a8fc-96fd399d4789', 2022, 3, 5, 'Sábado', 'Marzo');

INSERT INTO "dimensional"."sales" ("product_id", "time_id", "branch_id", "category_id", "client_id", "quantity", "amount", "cost", "profit") VALUES
('ac7dfa84-bfad-4a11-aa7d-61e28663d1ae', '03bec840-401e-4162-8c95-70dcb4c8c227', '6b773fb5-4031-4458-b6a9-ece09500fecd', '46708a39-77c4-4b0c-b874-f6aa6d0c870b', 'abfc50cf-26ba-4ccc-b769-0bea1aac7ec7', 2, 79.98, 800.00, -720.02),
('997e0ddf-afb0-452d-8b77-4718e4c500fc', '03bec840-401e-4162-8c95-70dcb4c8c227', '6b773fb5-4031-4458-b6a9-ece09500fecd', '6eb372fb-e3b7-47cf-88be-e07447d45d09', 'abfc50cf-26ba-4ccc-b769-0bea1aac7ec7', 7, 34.93, 141.41, -106.48),
('6026076b-dd4f-4aa4-a2e8-1a8ddd62fd2b', '1992273c-d10c-4ae7-a2a8-e399f6e9ad68', '643b9dfd-263c-4109-8c35-256efced4509', '46708a39-77c4-4b0c-b874-f6aa6d0c870b', '91043236-48a4-42ab-b477-380965eb24a8', 1, 119.99, 589.47, -469.48),
('a86c905b-01b0-44c2-932d-7f0bd7ba1391', '1992273c-d10c-4ae7-a2a8-e399f6e9ad68', '643b9dfd-263c-4109-8c35-256efced4509', '6eb372fb-e3b7-47cf-88be-e07447d45d09', '91043236-48a4-42ab-b477-380965eb24a8', 2, 19.98, 700.00, -680.02),
('ac7dfa84-bfad-4a11-aa7d-61e28663d1ae', '25628918-dfb3-42c3-8ccb-dec28fcb296f', '970690aa-c820-4ef4-ad82-ac5830ea3fda', '46708a39-77c4-4b0c-b874-f6aa6d0c870b', 'cad85b7f-6e8f-44e9-be5c-181253aee8c1', 1, 39.99, 800.00, -760.01),
('997e0ddf-afb0-452d-8b77-4718e4c500fc', '25628918-dfb3-42c3-8ccb-dec28fcb296f', '970690aa-c820-4ef4-ad82-ac5830ea3fda', '6eb372fb-e3b7-47cf-88be-e07447d45d09', 'cad85b7f-6e8f-44e9-be5c-181253aee8c1', 3, 14.97, 141.41, -126.44),
('60eccff5-642f-4e7c-91fe-31464357163e', '2d4d61d3-5451-43b9-b645-1bac15fcb0bb', '1a27cdd2-a522-4286-a933-d86b4be9a362', '6eb372fb-e3b7-47cf-88be-e07447d45d09', '6ba454b3-19a7-43fb-8289-ddb9272072e8', 1, 3.99, 0.50, 3.49),
('60eccff5-642f-4e7c-91fe-31464357163e', '35757af9-e419-4ea5-9327-0a31f74b9f3c', '98b1c76e-c6c4-4967-b855-385f332c1e57', '6eb372fb-e3b7-47cf-88be-e07447d45d09', 'a6692de2-4cdd-4148-895d-7744a35e5b0c', 9, 35.91, 0.50, 35.41),
('5096a7f7-3c17-4762-9b4a-3420d56b2312', '35757af9-e419-4ea5-9327-0a31f74b9f3c', '98b1c76e-c6c4-4967-b855-385f332c1e57', '93384ad5-7477-4db4-85d5-34e89d0eda66', 'a6692de2-4cdd-4148-895d-7744a35e5b0c', 12, 599.88, 818.94, -219.06),
('bcd5e30d-8357-4ca0-8328-37aa2d58a7de', '35757af9-e419-4ea5-9327-0a31f74b9f3c', '98b1c76e-c6c4-4967-b855-385f332c1e57', '93384ad5-7477-4db4-85d5-34e89d0eda66', 'a6692de2-4cdd-4148-895d-7744a35e5b0c', 1, 79.99, 342.86, -262.87),
('5b018062-e4b1-4d5b-b074-d6b2ff046de8', '3ce963e5-697d-4cfc-a02b-dc743bf283c9', 'ba03f2fd-31ed-43d7-8644-389bd8a7125a', 'c2baf816-eab8-4d86-a3e0-07ce9e12b89b', '91043236-48a4-42ab-b477-380965eb24a8', 11, 9899.89, 901.69, 8998.20),
('b3b920a4-a222-4f2b-8183-f04e5d580492', '3ce963e5-697d-4cfc-a02b-dc743bf283c9', 'ba03f2fd-31ed-43d7-8644-389bd8a7125a', 'c2baf816-eab8-4d86-a3e0-07ce9e12b89b', '91043236-48a4-42ab-b477-380965eb24a8', 2, 1199.98, 700.00, 499.98),
('ba214aae-1118-45c1-ac0b-20e92f2aca8f', '3ce963e5-697d-4cfc-a02b-dc743bf283c9', 'ba03f2fd-31ed-43d7-8644-389bd8a7125a', 'c2baf816-eab8-4d86-a3e0-07ce9e12b89b', '91043236-48a4-42ab-b477-380965eb24a8', 3, 1499.97, 396.23, 1103.74),
('6026076b-dd4f-4aa4-a2e8-1a8ddd62fd2b', '4875a5b3-c433-4dc7-a590-126b2e3b279a', '36a6270f-9654-4e5f-aae5-b74702b7d75f', '46708a39-77c4-4b0c-b874-f6aa6d0c870b', '87136d57-e8b9-4226-a4e2-523b80220e25', 10, 1199.90, 589.47, 610.43),
('eb5026ef-76a0-45b0-8559-133d4b3fa2e6', '4875a5b3-c433-4dc7-a590-126b2e3b279a', '36a6270f-9654-4e5f-aae5-b74702b7d75f', '46708a39-77c4-4b0c-b874-f6aa6d0c870b', '87136d57-e8b9-4226-a4e2-523b80220e25', 5, 3999.95, 339.39, 3660.56),
('bcd5e30d-8357-4ca0-8328-37aa2d58a7de', '4875a5b3-c433-4dc7-a590-126b2e3b279a', '36a6270f-9654-4e5f-aae5-b74702b7d75f', '93384ad5-7477-4db4-85d5-34e89d0eda66', '87136d57-e8b9-4226-a4e2-523b80220e25', 4, 319.96, 342.86, -22.90),
('ac7dfa84-bfad-4a11-aa7d-61e28663d1ae', '4e580176-3c45-4a43-aa23-9f62429192a6', '98b1c76e-c6c4-4967-b855-385f332c1e57', '46708a39-77c4-4b0c-b874-f6aa6d0c870b', 'f6d95af0-f12a-45ce-a386-c0d78a7f8863', 8, 319.92, 800.00, -480.08),
('997e0ddf-afb0-452d-8b77-4718e4c500fc', '4e580176-3c45-4a43-aa23-9f62429192a6', '98b1c76e-c6c4-4967-b855-385f332c1e57', '6eb372fb-e3b7-47cf-88be-e07447d45d09', 'f6d95af0-f12a-45ce-a386-c0d78a7f8863', 7, 34.93, 141.41, -106.48),
('5b018062-e4b1-4d5b-b074-d6b2ff046de8', '588dafb4-ff91-407a-a19c-a2d807fb7411', '1a27cdd2-a522-4286-a933-d86b4be9a362', 'c2baf816-eab8-4d86-a3e0-07ce9e12b89b', '71d2c191-d1ae-4b41-b661-722b5441c447', 6, 5399.94, 901.69, 4498.25),
('fa36db30-18a5-4b73-b4e3-41819f32e1d5', '588dafb4-ff91-407a-a19c-a2d807fb7411', '1a27cdd2-a522-4286-a933-d86b4be9a362', 'c2baf816-eab8-4d86-a3e0-07ce9e12b89b', '71d2c191-d1ae-4b41-b661-722b5441c447', 3, 2099.97, 0.50, 2099.47),
('ac7dfa84-bfad-4a11-aa7d-61e28663d1ae', '6330cf0b-1694-4222-a5c0-616061b83d53', '6b773fb5-4031-4458-b6a9-ece09500fecd', '46708a39-77c4-4b0c-b874-f6aa6d0c870b', 'abfc50cf-26ba-4ccc-b769-0bea1aac7ec7', 4, 159.96, 800.00, -640.04),
('997e0ddf-afb0-452d-8b77-4718e4c500fc', '6330cf0b-1694-4222-a5c0-616061b83d53', '6b773fb5-4031-4458-b6a9-ece09500fecd', '6eb372fb-e3b7-47cf-88be-e07447d45d09', 'abfc50cf-26ba-4ccc-b769-0bea1aac7ec7', 3, 14.97, 141.41, -126.44),
('bcd5e30d-8357-4ca0-8328-37aa2d58a7de', '648de9a7-94cf-48e4-bc1f-9d74a0b12827', '96772540-3787-4e83-b5a8-1e3f0ec79d05', '93384ad5-7477-4db4-85d5-34e89d0eda66', '92e7974b-08fd-46ae-b486-d9d6e7d05b98', 6, 479.94, 342.86, 137.08),
('ffbf4319-450e-4e75-8d03-aa1398d57c17', '648de9a7-94cf-48e4-bc1f-9d74a0b12827', '96772540-3787-4e83-b5a8-1e3f0ec79d05', '93384ad5-7477-4db4-85d5-34e89d0eda66', '92e7974b-08fd-46ae-b486-d9d6e7d05b98', 2, 59.98, 0.20, 59.78),
('5b018062-e4b1-4d5b-b074-d6b2ff046de8', '648de9a7-94cf-48e4-bc1f-9d74a0b12827', '96772540-3787-4e83-b5a8-1e3f0ec79d05', 'c2baf816-eab8-4d86-a3e0-07ce9e12b89b', '92e7974b-08fd-46ae-b486-d9d6e7d05b98', 1, 899.99, 901.69, -1.70),
('ac7dfa84-bfad-4a11-aa7d-61e28663d1ae', '6771e5a9-a884-49ca-a05e-71c8915d5e47', '970690aa-c820-4ef4-ad82-ac5830ea3fda', '46708a39-77c4-4b0c-b874-f6aa6d0c870b', 'cad85b7f-6e8f-44e9-be5c-181253aee8c1', 2, 79.98, 800.00, -720.02),
('997e0ddf-afb0-452d-8b77-4718e4c500fc', '6771e5a9-a884-49ca-a05e-71c8915d5e47', '970690aa-c820-4ef4-ad82-ac5830ea3fda', '6eb372fb-e3b7-47cf-88be-e07447d45d09', 'cad85b7f-6e8f-44e9-be5c-181253aee8c1', 9, 44.91, 141.41, -96.50),
('a86c905b-01b0-44c2-932d-7f0bd7ba1391', '92bbe3a2-1d7a-4b3c-a1a7-e88d034512e1', '3ee0aca9-8d74-4cf4-b7f2-4bc8230c4b57', '6eb372fb-e3b7-47cf-88be-e07447d45d09', '87136d57-e8b9-4226-a4e2-523b80220e25', 5, 49.95, 700.00, -650.05),
('ac7dfa84-bfad-4a11-aa7d-61e28663d1ae', '995945fd-b925-4d34-b7e6-60cdee3ba8ed', '98b1c76e-c6c4-4967-b855-385f332c1e57', '46708a39-77c4-4b0c-b874-f6aa6d0c870b', 'f6d95af0-f12a-45ce-a386-c0d78a7f8863', 1, 39.99, 800.00, -760.01),
('997e0ddf-afb0-452d-8b77-4718e4c500fc', '995945fd-b925-4d34-b7e6-60cdee3ba8ed', '98b1c76e-c6c4-4967-b855-385f332c1e57', '6eb372fb-e3b7-47cf-88be-e07447d45d09', 'f6d95af0-f12a-45ce-a386-c0d78a7f8863', 1, 4.99, 141.41, -136.42),
('bcd5e30d-8357-4ca0-8328-37aa2d58a7de', '995945fd-b925-4d34-b7e6-60cdee3ba8ed', '98b1c76e-c6c4-4967-b855-385f332c1e57', '93384ad5-7477-4db4-85d5-34e89d0eda66', 'f6d95af0-f12a-45ce-a386-c0d78a7f8863', 3, 239.97, 342.86, -102.89),
('ac7dfa84-bfad-4a11-aa7d-61e28663d1ae', 'a70dc5de-1ea1-4e30-9290-1c98f0e4a264', '98b1c76e-c6c4-4967-b855-385f332c1e57', '46708a39-77c4-4b0c-b874-f6aa6d0c870b', 'f6d95af0-f12a-45ce-a386-c0d78a7f8863', 6, 239.94, 800.00, -560.06),
('997e0ddf-afb0-452d-8b77-4718e4c500fc', 'a70dc5de-1ea1-4e30-9290-1c98f0e4a264', '98b1c76e-c6c4-4967-b855-385f332c1e57', '6eb372fb-e3b7-47cf-88be-e07447d45d09', 'f6d95af0-f12a-45ce-a386-c0d78a7f8863', 5, 24.95, 141.41, -116.46),
('ac7dfa84-bfad-4a11-aa7d-61e28663d1ae', 'a848885f-1807-43e8-b25c-b6c3235e7976', '6b773fb5-4031-4458-b6a9-ece09500fecd', '46708a39-77c4-4b0c-b874-f6aa6d0c870b', 'abfc50cf-26ba-4ccc-b769-0bea1aac7ec7', 6, 239.94, 800.00, -560.06),
('997e0ddf-afb0-452d-8b77-4718e4c500fc', 'a848885f-1807-43e8-b25c-b6c3235e7976', '6b773fb5-4031-4458-b6a9-ece09500fecd', '6eb372fb-e3b7-47cf-88be-e07447d45d09', 'abfc50cf-26ba-4ccc-b769-0bea1aac7ec7', 5, 24.95, 141.41, -116.46),
('5096a7f7-3c17-4762-9b4a-3420d56b2312', 'ab7a987f-c806-4f1b-ac71-f81c001c4b00', '36a6270f-9654-4e5f-aae5-b74702b7d75f', '93384ad5-7477-4db4-85d5-34e89d0eda66', '7f5eee41-f134-474c-a9f7-6fe565313003', 1, 49.99, 818.94, -768.95),
('bcd5e30d-8357-4ca0-8328-37aa2d58a7de', 'ab7a987f-c806-4f1b-ac71-f81c001c4b00', '36a6270f-9654-4e5f-aae5-b74702b7d75f', '93384ad5-7477-4db4-85d5-34e89d0eda66', '7f5eee41-f134-474c-a9f7-6fe565313003', 1, 79.99, 342.86, -262.87),
('5b018062-e4b1-4d5b-b074-d6b2ff046de8', 'b350c0c7-c5bd-472f-83a7-87d4894bd950', 'ba03f2fd-31ed-43d7-8644-389bd8a7125a', 'c2baf816-eab8-4d86-a3e0-07ce9e12b89b', '97341fc5-832f-4ad5-a709-db66988bc928', 1, 899.99, 901.69, -1.70),
('6026076b-dd4f-4aa4-a2e8-1a8ddd62fd2b', 'b4358c77-92e1-484a-9e65-8b87f68b5b93', '36a6270f-9654-4e5f-aae5-b74702b7d75f', '46708a39-77c4-4b0c-b874-f6aa6d0c870b', '87136d57-e8b9-4226-a4e2-523b80220e25', 5, 599.95, 589.47, 10.48),
('5096a7f7-3c17-4762-9b4a-3420d56b2312', 'b4358c77-92e1-484a-9e65-8b87f68b5b93', '36a6270f-9654-4e5f-aae5-b74702b7d75f', '93384ad5-7477-4db4-85d5-34e89d0eda66', '87136d57-e8b9-4226-a4e2-523b80220e25', 1, 49.99, 818.94, -768.95),
('95382210-a804-481f-9438-b81c1d5f6cd3', 'b732050d-ee5c-4bbf-abaf-972461bf2f36', '36a6270f-9654-4e5f-aae5-b74702b7d75f', '93384ad5-7477-4db4-85d5-34e89d0eda66', '71d2c191-d1ae-4b41-b661-722b5441c447', 4, 79.96, 350.00, -270.04),
('eb5026ef-76a0-45b0-8559-133d4b3fa2e6', 'b78bcdaa-5c11-4b81-b0fc-8ed895ab2a21', '13386c41-0c80-48f3-8c06-f79788b1d224', '46708a39-77c4-4b0c-b874-f6aa6d0c870b', '30d60bd6-7152-4fe6-88ba-c9a4ca5056b8', 1, 799.99, 339.39, 460.60),
('ba214aae-1118-45c1-ac0b-20e92f2aca8f', 'b78bcdaa-5c11-4b81-b0fc-8ed895ab2a21', '13386c41-0c80-48f3-8c06-f79788b1d224', 'c2baf816-eab8-4d86-a3e0-07ce9e12b89b', '30d60bd6-7152-4fe6-88ba-c9a4ca5056b8', 2, 999.98, 396.23, 603.75),
('fa36db30-18a5-4b73-b4e3-41819f32e1d5', 'b78bcdaa-5c11-4b81-b0fc-8ed895ab2a21', '13386c41-0c80-48f3-8c06-f79788b1d224', 'c2baf816-eab8-4d86-a3e0-07ce9e12b89b', '30d60bd6-7152-4fe6-88ba-c9a4ca5056b8', 1, 699.99, 0.50, 699.49),
('77470869-b65b-4372-9512-3d2cfa749a8a', 'bad3e8ae-b22f-4b6f-82a4-f809eb8e60bb', '066724c7-1f4a-4992-8b55-6c4946bba009', '46708a39-77c4-4b0c-b874-f6aa6d0c870b', '040e0e89-c38d-4cc8-87f6-d7f1a466ef67', 1, 499.99, 0.20, 499.79),
('a86c905b-01b0-44c2-932d-7f0bd7ba1391', 'bad3e8ae-b22f-4b6f-82a4-f809eb8e60bb', '066724c7-1f4a-4992-8b55-6c4946bba009', '6eb372fb-e3b7-47cf-88be-e07447d45d09', '040e0e89-c38d-4cc8-87f6-d7f1a466ef67', 3, 29.97, 700.00, -670.03),
('5096a7f7-3c17-4762-9b4a-3420d56b2312', 'bad3e8ae-b22f-4b6f-82a4-f809eb8e60bb', '066724c7-1f4a-4992-8b55-6c4946bba009', '93384ad5-7477-4db4-85d5-34e89d0eda66', '040e0e89-c38d-4cc8-87f6-d7f1a466ef67', 2, 99.98, 818.94, -718.96),
('95382210-a804-481f-9438-b81c1d5f6cd3', 'bd7edea3-5304-477b-b54e-723da3be04fe', '066724c7-1f4a-4992-8b55-6c4946bba009', '93384ad5-7477-4db4-85d5-34e89d0eda66', '040e0e89-c38d-4cc8-87f6-d7f1a466ef67', 5, 99.95, 350.00, -250.05),
('bcd5e30d-8357-4ca0-8328-37aa2d58a7de', 'bd7edea3-5304-477b-b54e-723da3be04fe', '066724c7-1f4a-4992-8b55-6c4946bba009', '93384ad5-7477-4db4-85d5-34e89d0eda66', '040e0e89-c38d-4cc8-87f6-d7f1a466ef67', 5, 399.95, 342.86, 57.09),
('5b018062-e4b1-4d5b-b074-d6b2ff046de8', 'bd7edea3-5304-477b-b54e-723da3be04fe', '066724c7-1f4a-4992-8b55-6c4946bba009', 'c2baf816-eab8-4d86-a3e0-07ce9e12b89b', '040e0e89-c38d-4cc8-87f6-d7f1a466ef67', 5, 4499.95, 901.69, 3598.26),
('ac7dfa84-bfad-4a11-aa7d-61e28663d1ae', 'bedc3ac0-6612-4447-87ac-356b0ea608d2', '970690aa-c820-4ef4-ad82-ac5830ea3fda', '46708a39-77c4-4b0c-b874-f6aa6d0c870b', 'cad85b7f-6e8f-44e9-be5c-181253aee8c1', 4, 159.96, 800.00, -640.04),
('997e0ddf-afb0-452d-8b77-4718e4c500fc', 'bedc3ac0-6612-4447-87ac-356b0ea608d2', '970690aa-c820-4ef4-ad82-ac5830ea3fda', '6eb372fb-e3b7-47cf-88be-e07447d45d09', 'cad85b7f-6e8f-44e9-be5c-181253aee8c1', 3, 14.97, 141.41, -126.44),
('77470869-b65b-4372-9512-3d2cfa749a8a', 'bffc3f41-9037-4dbc-af89-7fe7fb370515', '066724c7-1f4a-4992-8b55-6c4946bba009', '46708a39-77c4-4b0c-b874-f6aa6d0c870b', '040e0e89-c38d-4cc8-87f6-d7f1a466ef67', 2, 999.98, 0.20, 999.78),
('5096a7f7-3c17-4762-9b4a-3420d56b2312', 'bffc3f41-9037-4dbc-af89-7fe7fb370515', '066724c7-1f4a-4992-8b55-6c4946bba009', '93384ad5-7477-4db4-85d5-34e89d0eda66', '040e0e89-c38d-4cc8-87f6-d7f1a466ef67', 2, 99.98, 818.94, -718.96),
('ffbf4319-450e-4e75-8d03-aa1398d57c17', 'bffc3f41-9037-4dbc-af89-7fe7fb370515', '066724c7-1f4a-4992-8b55-6c4946bba009', '93384ad5-7477-4db4-85d5-34e89d0eda66', '040e0e89-c38d-4cc8-87f6-d7f1a466ef67', 2, 59.98, 0.20, 59.78),
('ffbf4319-450e-4e75-8d03-aa1398d57c17', 'c6ac0c62-f03e-4ceb-a5a6-facff918cab9', '13386c41-0c80-48f3-8c06-f79788b1d224', '93384ad5-7477-4db4-85d5-34e89d0eda66', '6ba454b3-19a7-43fb-8289-ddb9272072e8', 5, 149.95, 0.20, 149.75),
('ba214aae-1118-45c1-ac0b-20e92f2aca8f', 'c6ac0c62-f03e-4ceb-a5a6-facff918cab9', '13386c41-0c80-48f3-8c06-f79788b1d224', 'c2baf816-eab8-4d86-a3e0-07ce9e12b89b', '6ba454b3-19a7-43fb-8289-ddb9272072e8', 10, 4999.90, 396.23, 4603.67),
('eb5026ef-76a0-45b0-8559-133d4b3fa2e6', 'd719b75e-c54a-4f04-9865-13c255d50804', '1a27cdd2-a522-4286-a933-d86b4be9a362', '46708a39-77c4-4b0c-b874-f6aa6d0c870b', '71d2c191-d1ae-4b41-b661-722b5441c447', 2, 1599.98, 339.39, 1260.59),
('5096a7f7-3c17-4762-9b4a-3420d56b2312', 'e37bde69-0d19-4cac-a16e-f90b2258365e', 'eb2985fd-3e90-4a84-ba9d-87d2789ac82d', '93384ad5-7477-4db4-85d5-34e89d0eda66', 'a6692de2-4cdd-4148-895d-7744a35e5b0c', 4, 199.96, 818.94, -618.98),
('b3b920a4-a222-4f2b-8183-f04e5d580492', 'e800e265-bd6d-4b0f-90eb-6f59dbaa3b2c', '3ee0aca9-8d74-4cf4-b7f2-4bc8230c4b57', 'c2baf816-eab8-4d86-a3e0-07ce9e12b89b', '87136d57-e8b9-4226-a4e2-523b80220e25', 3, 1799.97, 700.00, 1099.97),
('fa36db30-18a5-4b73-b4e3-41819f32e1d5', 'e800e265-bd6d-4b0f-90eb-6f59dbaa3b2c', '3ee0aca9-8d74-4cf4-b7f2-4bc8230c4b57', 'c2baf816-eab8-4d86-a3e0-07ce9e12b89b', '87136d57-e8b9-4226-a4e2-523b80220e25', 3, 2099.97, 0.50, 2099.47),
('ffbf4319-450e-4e75-8d03-aa1398d57c17', 'ebdc13da-e5dd-4fa9-89b5-8e8c08f0e99c', '58466b8f-c950-437d-b7d6-4a31d2036318', '93384ad5-7477-4db4-85d5-34e89d0eda66', '87136d57-e8b9-4226-a4e2-523b80220e25', 2, 59.98, 0.20, 59.78),
('ba214aae-1118-45c1-ac0b-20e92f2aca8f', 'ebdc13da-e5dd-4fa9-89b5-8e8c08f0e99c', '58466b8f-c950-437d-b7d6-4a31d2036318', 'c2baf816-eab8-4d86-a3e0-07ce9e12b89b', '87136d57-e8b9-4226-a4e2-523b80220e25', 1, 499.99, 396.23, 103.76),
('77470869-b65b-4372-9512-3d2cfa749a8a', 'ee1d8c15-9359-49ad-9336-bc4792238693', '4eba5f09-6a5f-471a-b117-36af2c70079d', '46708a39-77c4-4b0c-b874-f6aa6d0c870b', '040e0e89-c38d-4cc8-87f6-d7f1a466ef67', 8, 3999.92, 0.20, 3999.72),
('ffbf4319-450e-4e75-8d03-aa1398d57c17', 'ee1d8c15-9359-49ad-9336-bc4792238693', '4eba5f09-6a5f-471a-b117-36af2c70079d', '93384ad5-7477-4db4-85d5-34e89d0eda66', '040e0e89-c38d-4cc8-87f6-d7f1a466ef67', 7, 209.93, 0.20, 209.73),
('fa36db30-18a5-4b73-b4e3-41819f32e1d5', 'ee1d8c15-9359-49ad-9336-bc4792238693', '4eba5f09-6a5f-471a-b117-36af2c70079d', 'c2baf816-eab8-4d86-a3e0-07ce9e12b89b', '040e0e89-c38d-4cc8-87f6-d7f1a466ef67', 6, 4199.94, 0.50, 4199.44),
('5096a7f7-3c17-4762-9b4a-3420d56b2312', 'f7656b1a-1e07-4a99-922f-910cb52fd2f6', '3ee0aca9-8d74-4cf4-b7f2-4bc8230c4b57', '93384ad5-7477-4db4-85d5-34e89d0eda66', '7b6da078-6a46-4ca5-be8e-f571e755ddd7', 1, 49.99, 818.94, -768.95),
('bcd5e30d-8357-4ca0-8328-37aa2d58a7de', 'f7656b1a-1e07-4a99-922f-910cb52fd2f6', '3ee0aca9-8d74-4cf4-b7f2-4bc8230c4b57', '93384ad5-7477-4db4-85d5-34e89d0eda66', '7b6da078-6a46-4ca5-be8e-f571e755ddd7', 2, 159.98, 342.86, -182.88),
('60eccff5-642f-4e7c-91fe-31464357163e', 'fd66fef6-6467-4c8d-9e0d-6f3d98c0ceb2', '13386c41-0c80-48f3-8c06-f79788b1d224', '6eb372fb-e3b7-47cf-88be-e07447d45d09', '30d60bd6-7152-4fe6-88ba-c9a4ca5056b8', 3, 11.97, 0.50, 11.47),
('a86c905b-01b0-44c2-932d-7f0bd7ba1391', 'fd66fef6-6467-4c8d-9e0d-6f3d98c0ceb2', '13386c41-0c80-48f3-8c06-f79788b1d224', '6eb372fb-e3b7-47cf-88be-e07447d45d09', '30d60bd6-7152-4fe6-88ba-c9a4ca5056b8', 1, 9.99, 700.00, -690.01),
('5096a7f7-3c17-4762-9b4a-3420d56b2312', 'fd66fef6-6467-4c8d-9e0d-6f3d98c0ceb2', '13386c41-0c80-48f3-8c06-f79788b1d224', '93384ad5-7477-4db4-85d5-34e89d0eda66', '30d60bd6-7152-4fe6-88ba-c9a4ca5056b8', 2, 99.98, 818.94, -718.96),
('b3b920a4-a222-4f2b-8183-f04e5d580492', 'ff6e12df-7436-48df-a8fc-96fd399d4789', '4eba5f09-6a5f-471a-b117-36af2c70079d', 'c2baf816-eab8-4d86-a3e0-07ce9e12b89b', '7f5eee41-f134-474c-a9f7-6fe565313003', 3, 1799.97, 700.00, 1099.97),
('fa36db30-18a5-4b73-b4e3-41819f32e1d5', 'ff6e12df-7436-48df-a8fc-96fd399d4789', '4eba5f09-6a5f-471a-b117-36af2c70079d', 'c2baf816-eab8-4d86-a3e0-07ce9e12b89b', '7f5eee41-f134-474c-a9f7-6fe565313003', 2, 1399.98, 0.50, 1399.48);

COMMIT;